firstName,lastName,email,industry,linkedinUrl,bio
John,Doe,john.doe@email.com,Marketing,https://linkedin.com/in/johndoe,Experienced digital marketer with 5+ years in SEO and content strategy.
Jane,Smith,jane.smith@email.com,Consulting,https://linkedin.com/in/janesmith,Leadership consultant helping teams thrive with innovative strategies.
Michael,Chen,michael.chen@email.com,Technology,,Software engineer with a passion for building scalable web applications.
Sarah,Johnson,sarah.johnson@email.com,Finance,https://linkedin.com/in/sarahjohnson,Financial advisor specializing in wealth management for high-net-worth clients.
Emily,Brown,emily.brown@email.com,Design,,Creative UI/UX designer focused on user-centered web experiences.
Jane,Smith,jane.smith@email.com,Consulting,https://linkedin.com/in/janesmith,Leadership consultant helping teams thrive with innovative strategies.
Michael,Chen,michael.chen@email.com,Technology,,Software engineer with a passion for building scalable web applications.
Sarah,Johnson,sarah.johnson@email.com,Finance,https://linkedin.com/in/sarahjohnson,Financial advisor specializing in wealth management for high-net-worth clients.
Emily,Brown,emily.brown@email.com,Design,,Creative UI/UX designer focused on user-centered web experiences.
Jane,Smith,jane.smith@email.com,Consulting,https://linkedin.com/in/janesmith,Leadership consultant helping teams thrive with innovative strategies.
Michael,Chen,michael.chen@email.com,Technology,,Software engineer with a passion for building scalable web applications.
Sarah,Johnson,sarah.johnson@email.com,Finance,https://linkedin.com/in/sarahjohnson,Financial advisor specializing in wealth management for high-net-worth clients.
Emily,Brown,emily.brown@email.com,Design,,Creative UI/UX designer focused on user-centered web experiences.
Jane,Smith,jane.smith@email.com,Consulting,https://linkedin.com/in/janesmith,Leadership consultant helping teams thrive with innovative strategies.
Michael,Chen,michael.chen@email.com,Technology,,Software engineer with a passion for building scalable web applications.
Sarah,Johnson,sarah.johnson@email.com,Finance,https://linkedin.com/in/sarahjohnson,Financial advisor specializing in wealth management for high-net-worth clients.
Emily,Brown,emily.brown@email.com,Design,,Creative UI/UX designer focused on user-centered web experiences.